duty_pct,rpm_motor,rpm_salida,cuentas_s
10.0,0.0,0.0,0.0
20.0,834.0,16.7,890.0
30.0,1638.0,32.8,1747.0
40.0,2372.0,47.4,2530.0
50.0,3111.0,62.2,3318.0
60.0,3838.0,76.8,4094.0
70.0,4572.0,91.4,4877.0
80.0,5423.0,108.5,5785.0
90.0,6893.0,137.9,7352.0
100.0,7101.0,142.0,7574.0
-10.0,0.0,0.0,0.0
-20.0,-827.0,-16.5,-882.0
-30.0,-1652.0,-33.0,-1762.0
-40.0,-2392.0,-47.8,-2552.0
-50.0,-3143.0,-62.9,-3353.0
-60.0,-3893.0,-77.9,-4153.0
-70.0,-4648.0,-93.0,-4958.0
-80.0,-5583.0,-111.7,-5955.0
-90.0,-6963.0,-139.3,-7427.0
-100.0,-7100.0,-142.0,-7573.0
