t_ms,duty_pct,cuentas,rpm_motor,rpm_salida
0.0,50.0,0.0,0.0,0.0
4.0,50.0,1.0,209.8,4.2
14.0,50.0,5.0,375.1,7.5
24.0,50.0,15.0,937.6,18.75
34.0,50.0,27.0,1125.0,22.5
44.0,50.0,42.0,1406.4,28.13
54.0,50.0,60.0,1687.5,33.75
64.0,50.0,80.0,1875.2,37.5
74.0,50.0,101.0,1968.6,39.37
84.0,50.0,124.0,2156.2,43.12
94.0,50.0,148.0,2250.2,45.0
104.0,50.0,173.0,2343.8,46.88
114.0,50.0,199.0,2437.3,48.75
124.0,50.0,225.0,2437.5,48.75
134.0,50.0,253.0,2625.0,52.5
144.0,50.0,281.0,2625.0,52.5
154.0,50.0,310.0,2719.0,54.38
164.0,50.0,339.0,2718.5,54.37
174.0,50.0,368.0,2718.8,54.38
184.0,50.0,398.0,2812.8,56.26
194.0,50.0,428.0,2812.5,56.25
204.0,50.0,458.0,2812.2,56.24
214.0,50.0,488.0,2812.5,56.25
224.0,50.0,519.0,2906.2,58.12
234.0,50.0,550.0,2906.5,58.13
244.0,50.0,581.0,2906.0,58.12
254.0,50.0,612.0,2906.2,58.12
264.0,50.0,643.0,2906.2,58.12
274.0,50.0,674.0,2906.2,58.12
284.0,50.0,706.0,3000.0,60.0
294.0,50.0,737.0,2906.2,58.12
304.0,50.0,769.0,3000.0,60.0
314.0,50.0,800.0,2906.2,58.12
324.0,50.0,832.0,3000.0,60.0
334.0,50.0,864.0,3000.0,60.0
344.0,50.0,896.0,3000.0,60.0
354.0,50.0,928.0,3000.3,60.01
364.0,50.0,960.0,3000.0,60.0
374.0,50.0,992.0,2999.7,59.99
384.0,50.0,1024.0,3000.0,60.0
394.0,50.0,1056.0,3000.0,60.0
404.0,50.0,1088.0,3000.0,60.0
414.0,50.0,1120.0,3000.0,60.0
424.0,50.0,1153.0,3093.8,61.88
434.0,50.0,1185.0,3000.0,60.0
444.0,50.0,1217.0,3000.0,60.0
454.0,50.0,1249.0,3000.0,60.0
464.0,50.0,1282.0,3093.8,61.88
474.0,50.0,1314.0,3000.0,60.0
484.0,50.0,1347.0,3093.8,61.88
494.0,50.0,1379.0,3000.3,60.01
504.0,50.0,1411.0,2999.7,59.99
514.0,50.0,1444.0,3093.8,61.88
524.0,50.0,1476.0,3000.0,60.0
534.0,50.0,1508.0,3000.3,60.01
544.0,50.0,1541.0,3093.4,61.87
554.0,50.0,1573.0,3000.3,60.01
564.0,50.0,1605.0,2999.7,59.99
574.0,50.0,1638.0,3093.8,61.88
584.0,50.0,1670.0,3000.3,60.01
594.0,50.0,1702.0,3000.0,60.0
604.0,50.0,1735.0,3093.4,61.87
614.0,50.0,1767.0,3000.0,60.0
624.0,50.0,1800.0,3094.1,61.88
634.0,50.0,1832.0,2999.7,59.99
644.0,50.0,1865.0,3093.8,61.88
654.0,50.0,1897.0,3000.0,60.0
664.0,50.0,1930.0,3093.8,61.88
674.0,50.0,1962.0,3000.0,60.0
684.0,50.0,1995.0,3094.1,61.88
694.0,50.0,2027.0,2999.7,59.99
704.0,50.0,2060.0,3094.1,61.88
714.0,50.0,2093.0,3093.4,61.87
724.0,50.0,2125.0,3000.0,60.0
734.0,50.0,2158.0,3093.8,61.88
744.0,50.0,2190.0,3000.0,60.0
754.0,50.0,2223.0,3094.1,61.88
764.0,50.0,2256.0,3093.4,61.87
774.0,50.0,2288.0,3000.0,60.0
784.0,50.0,2321.0,3093.8,61.88
794.0,50.0,2354.0,3093.8,61.88
804.0,50.0,2386.0,3000.3,60.01
814.0,50.0,2419.0,3093.4,61.87
824.0,50.0,2451.0,3000.0,60.0
834.0,50.0,2484.0,3093.8,61.88
844.0,50.0,2516.0,3000.0,60.0
854.0,50.0,2549.0,3094.1,61.88
864.0,50.0,2582.0,3093.8,61.88
874.0,50.0,2615.0,3093.8,61.88
884.0,50.0,2648.0,3093.4,61.87
894.0,50.0,2680.0,3000.0,60.0
904.0,50.0,2713.0,3093.8,61.88
914.0,50.0,2746.0,3093.8,61.88
924.0,50.0,2779.0,3093.8,61.88
934.0,50.0,2811.0,3000.0,60.0
944.0,50.0,2844.0,3093.8,61.88
954.0,50.0,2877.0,3094.1,61.88
964.0,50.0,2909.0,2999.7,59.99
974.0,50.0,2942.0,3093.8,61.88
984.0,50.0,2975.0,3094.1,61.88
994.0,50.0,3008.0,3093.8,61.88
1004.0,50.0,3040.0,2999.7,59.99
1014.0,50.0,3073.0,3093.8,61.88
1024.0,50.0,3106.0,3093.8,61.88
1034.0,50.0,3139.0,3094.1,61.88
1044.0,50.0,3172.0,3093.8,61.88
1054.0,50.0,3205.0,3093.4,61.87
1064.0,50.0,3237.0,3000.3,60.01
1074.0,50.0,3270.0,3093.8,61.88
1084.0,50.0,3303.0,3093.8,61.88
1094.0,50.0,3336.0,3093.4,61.87
1104.0,50.0,3369.0,3093.8,61.88
1114.0,50.0,3402.0,3093.8,61.88
1124.0,50.0,3434.0,3000.0,60.0
1134.0,50.0,3467.0,3093.8,61.88
1144.0,50.0,3500.0,3093.8,61.88
1154.0,50.0,3533.0,3093.8,61.88
1164.0,50.0,3566.0,3093.8,61.88
1174.0,50.0,3599.0,3093.8,61.88
1184.0,50.0,3632.0,3093.8,61.88
1194.0,50.0,3665.0,3093.8,61.88
1204.0,50.0,3698.0,3093.8,61.88
1214.0,50.0,3731.0,3093.8,61.88
1224.0,50.0,3764.0,3093.8,61.88
1234.0,50.0,3797.0,3093.8,61.88
1244.0,50.0,3830.0,3093.8,61.88
1254.0,50.0,3863.0,3093.8,61.88
1264.0,50.0,3896.0,3093.8,61.88
1274.0,50.0,3929.0,3093.8,61.88
1284.0,50.0,3962.0,3093.8,61.88
1294.0,50.0,3996.0,3187.5,63.75
1304.0,50.0,4029.0,3093.8,61.88
1314.0,50.0,4061.0,3000.0,60.0
1324.0,50.0,4094.0,3094.1,61.88
1334.0,50.0,4127.0,3093.8,61.88
1344.0,50.0,4160.0,3093.4,61.87
1354.0,50.0,4193.0,3093.8,61.88
1364.0,50.0,4226.0,3093.8,61.88
1374.0,50.0,4259.0,3093.8,61.88
1384.0,50.0,4292.0,3093.8,61.88
1394.0,50.0,4325.0,3094.1,61.88
1404.0,50.0,4358.0,3093.8,61.88
1414.0,50.0,4391.0,3093.4,61.87
1424.0,50.0,4424.0,3093.8,61.88
1434.0,50.0,4457.0,3093.8,61.88
1444.0,50.0,4491.0,3187.5,63.75
1454.0,50.0,4524.0,3093.8,61.88
1464.0,50.0,4557.0,3093.8,61.88
1474.0,50.0,4590.0,3094.1,61.88
1484.0,50.0,4623.0,3093.8,61.88
1494.0,50.0,4656.0,3093.8,61.88
1504.0,50.0,4690.0,3187.2,63.74
1514.0,50.0,4722.0,3000.0,60.0
1524.0,50.0,4756.0,3187.5,63.75
1534.0,50.0,4789.0,3094.1,61.88
1544.0,50.0,4822.0,3093.8,61.88
1554.0,50.0,4855.0,3093.4,61.87
1564.0,50.0,4888.0,3093.8,61.88
1574.0,50.0,4921.0,3093.8,61.88
1584.0,50.0,4954.0,3093.8,61.88
1594.0,50.0,4987.0,3093.8,61.88
1604.0,50.0,5020.0,3093.8,61.88
1614.0,50.0,5054.0,3187.8,63.76
1624.0,50.0,5087.0,3093.4,61.87
1634.0,50.0,5120.0,3093.8,61.88
1644.0,50.0,5152.0,3000.0,60.0
1654.0,50.0,5186.0,3187.8,63.76
1664.0,50.0,5219.0,3093.4,61.87
1674.0,50.0,5252.0,3094.1,61.88
1684.0,50.0,5285.0,3093.8,61.88
1694.0,50.0,5318.0,3093.4,61.87
1704.0,50.0,5351.0,3094.1,61.88
1714.0,50.0,5384.0,3093.4,61.87
1724.0,50.0,5418.0,3187.8,63.76
1734.0,50.0,5451.0,3093.4,61.87
1744.0,50.0,5484.0,3093.8,61.88
1754.0,50.0,5517.0,3093.8,61.88
1764.0,50.0,5550.0,3094.1,61.88
1774.0,50.0,5584.0,3187.2,63.74
1784.0,50.0,5617.0,3093.8,61.88
1794.0,50.0,5650.0,3093.8,61.88
1804.0,50.0,5683.0,3093.8,61.88
1814.0,50.0,5716.0,3094.1,61.88
1824.0,50.0,5750.0,3187.2,63.74
1834.0,50.0,5783.0,3093.8,61.88
1844.0,50.0,5816.0,3093.8,61.88
1854.0,50.0,5849.0,3093.8,61.88
1864.0,50.0,5882.0,3094.1,61.88
1874.0,50.0,5916.0,3187.2,63.74
1884.0,50.0,5949.0,3094.1,61.88
1894.0,50.0,5981.0,2999.7,59.99
1904.0,50.0,6015.0,3187.8,63.76
1914.0,50.0,6048.0,3093.4,61.87
1924.0,50.0,6081.0,3094.1,61.88
1934.0,50.0,6114.0,3093.4,61.87
1944.0,50.0,6147.0,3094.1,61.88
1954.0,50.0,6180.0,3093.8,61.88
1964.0,50.0,6213.0,3093.8,61.88
1974.0,50.0,6246.0,3093.4,61.87
1984.0,50.0,6280.0,3187.5,63.75
1994.0,50.0,6313.0,3093.8,61.88
2004.0,50.0,6346.0,3094.1,61.88
2014.0,50.0,6379.0,3093.8,61.88
2024.0,50.0,6412.0,3093.8,61.88
2034.0,50.0,6445.0,3093.8,61.88
2044.0,50.0,6478.0,3093.4,61.87
2054.0,50.0,6511.0,3093.8,61.88
2064.0,50.0,6545.0,3187.5,63.75
2074.0,50.0,6578.0,3093.8,61.88
2084.0,50.0,6611.0,3093.8,61.88
2094.0,50.0,6645.0,3187.5,63.75
2104.0,50.0,6678.0,3093.8,61.88
2114.0,50.0,6711.0,3093.8,61.88
2124.0,50.0,6744.0,3093.8,61.88
2134.0,50.0,6778.0,3187.5,63.75
2144.0,50.0,6811.0,3094.1,61.88
2154.0,50.0,6844.0,3093.8,61.88
2164.0,50.0,6877.0,3093.8,61.88
2174.0,50.0,6910.0,3093.4,61.87
2184.0,50.0,6944.0,3187.8,63.76
2194.0,50.0,6977.0,3093.4,61.87
2204.0,50.0,7010.0,3094.1,61.88
2214.0,50.0,7044.0,3187.2,63.74
2224.0,50.0,7077.0,3093.8,61.88
2234.0,50.0,7110.0,3093.8,61.88
2244.0,50.0,7144.0,3187.5,63.75
2254.0,50.0,7177.0,3093.8,61.88
2264.0,50.0,7210.0,3093.8,61.88
2274.0,50.0,7244.0,3187.5,63.75
2284.0,50.0,7277.0,3093.8,61.88
2294.0,50.0,7311.0,3187.5,63.75
2304.0,50.0,7344.0,3093.8,61.88
2314.0,50.0,7377.0,3093.8,61.88
2324.0,50.0,7411.0,3187.8,63.76
2334.0,50.0,7444.0,3093.4,61.87
2344.0,50.0,7478.0,3187.5,63.75
2354.0,50.0,7511.0,3093.8,61.88
2364.0,50.0,7544.0,3093.8,61.88
2374.0,50.0,7578.0,3187.5,63.75
2384.0,50.0,7611.0,3093.8,61.88
2394.0,50.0,7645.0,3187.5,63.75
2404.0,50.0,7678.0,3093.8,61.88
2414.0,50.0,7712.0,3187.5,63.75
2424.0,50.0,7745.0,3093.8,61.88
2434.0,50.0,7778.0,3093.8,61.88
2444.0,50.0,7812.0,3187.5,63.75
2454.0,50.0,7845.0,3093.8,61.88
2464.0,50.0,7879.0,3187.5,63.75
2474.0,50.0,7912.0,3094.1,61.88
2484.0,50.0,7945.0,3093.4,61.87
2494.0,50.0,7979.0,3187.5,63.75
2504.0,50.0,8012.0,3093.8,61.88
2514.0,50.0,8045.0,3093.8,61.88
2524.0,50.0,8079.0,3187.5,63.75
2534.0,50.0,8112.0,3094.1,61.88
2544.0,50.0,8146.0,3187.5,63.75
2554.0,50.0,8179.0,3093.4,61.87
2564.0,50.0,8212.0,3094.1,61.88
2574.0,50.0,8246.0,3187.5,63.75
2584.0,50.0,8280.0,3187.5,63.75
2594.0,50.0,8313.0,3093.4,61.87
2604.0,50.0,8346.0,3093.8,61.88
2614.0,50.0,8380.0,3187.5,63.75
2624.0,50.0,8413.0,3093.8,61.88
2634.0,50.0,8446.0,3094.1,61.88
2644.0,50.0,8480.0,3187.2,63.74
2654.0,50.0,8513.0,3093.8,61.88
2664.0,50.0,8547.0,3187.5,63.75
2674.0,50.0,8580.0,3093.8,61.88
2684.0,50.0,8613.0,3094.1,61.88
2694.0,50.0,8647.0,3187.2,63.74
2704.0,50.0,8680.0,3093.8,61.88
2714.0,50.0,8714.0,3187.5,63.75
2724.0,50.0,8747.0,3093.8,61.88
2734.0,50.0,8781.0,3187.5,63.75
2744.0,50.0,8814.0,3094.1,61.88
2754.0,50.0,8847.0,3093.4,61.87
2764.0,50.0,8881.0,3187.5,63.75
2774.0,50.0,8914.0,3093.8,61.88
2784.0,50.0,8947.0,3094.1,61.88
2794.0,50.0,8981.0,3187.5,63.75
2804.0,50.0,9014.0,3093.8,61.88
2814.0,50.0,9048.0,3187.2,63.74
2824.0,50.0,9081.0,3093.8,61.88
2834.0,50.0,9115.0,3187.5,63.75
2844.0,50.0,9148.0,3094.1,61.88
2854.0,50.0,9181.0,3093.8,61.88
2864.0,50.0,9215.0,3187.2,63.74
2874.0,50.0,9248.0,3093.8,61.88
2884.0,50.0,9282.0,3187.5,63.75
2894.0,50.0,9315.0,3093.8,61.88
2904.0,50.0,9348.0,3093.8,61.88
2914.0,50.0,9381.0,3094.1,61.88
2924.0,50.0,9415.0,3187.2,63.74
2934.0,50.0,9448.0,3094.1,61.88
2944.0,50.0,9481.0,3093.4,61.87
2954.0,50.0,9514.0,3093.8,61.88
2964.0,50.0,9548.0,3187.5,63.75
2974.0,50.0,9581.0,3094.1,61.88
2984.0,50.0,9614.0,3093.4,61.87
2994.0,50.0,9647.0,3093.8,61.88
3004.0,50.0,9681.0,3187.5,63.75
